LogP,Molecular_Weight,H_Bond_Donors,H_Bond_Acceptors,Rotatable_Bonds,Aromatic_Rings,CYP3A4_Substrate,DILI_Risk
1,283.19,9,6,1,0,0,0
5.61,272.89,4,7,17,1,1,1
3.86,734.38,4,0,6,4,0,1
2.79,274.68,10,3,16,6,1,0
-0.75,290.36,6,5,13,5,0,1
-0.75,631.58,3,2,6,6,0,0
-1.54,414.82,3,4,2,4,0,0
4.93,643.7,8,15,5,4,0,0
2.81,145.76,5,9,19,2,0,0
3.66,441.3,3,8,1,2,1,1
-1.84,123.53,1,10,16,2,0,0
5.76,143.86,5,12,11,3,0,0
4.66,734.51,1,2,11,1,0,0
-0.3,197.47,4,4,16,4,0,0
-0.55,472.69,5,7,9,6,0,0
-0.53,387.77,3,5,2,4,0,0
0.43,343.14,2,3,19,2,0,1
2.2,729.88,6,7,17,4,0,1
1.46,115.28,1,10,12,5,0,0
0.33,564.65,10,2,11,4,0,0
2.89,774.38,5,2,16,6,0,0
-0.88,492.12,3,3,3,0,0,0
0.34,755.78,5,8,9,5,0,1
0.93,136.58,3,4,10,5,0,0
1.65,393.16,3,7,5,4,1,1
4.28,282.11,3,15,5,3,1,1
-0.4,611.57,8,5,8,2,0,0
2.11,786.91,6,2,14,1,0,1
2.74,279.57,2,14,1,1,1,1
-1.63,557.92,2,7,3,0,0,0
2.86,238.67,5,11,4,1,1,1
-0.64,495.73,5,8,16,1,0,0
-1.48,424.75,3,7,7,2,0,0
5.59,780.4,8,12,7,2,0,0
5.73,525.97,3,3,11,3,1,1
4.47,344.65,8,13,20,6,1,1
0.44,179.87,3,13,7,0,0,0
-1.22,205.87,1,12,18,1,0,0
3.47,257.72,1,10,2,3,1,0
1.52,275.68,4,5,17,0,1,0
-1.02,695.43,3,0,20,5,0,0
1.96,492.86,6,3,18,1,1,1
-1.72,466.37,10,7,18,1,0,0
5.27,180.34,4,0,14,2,0,0
0.07,702.1,5,2,5,4,0,0
3.3,605.97,9,0,15,0,0,0
0.49,147.37,3,8,7,1,0,0
2.16,595.48,1,1,15,0,1,1
2.37,480.48,9,8,17,6,1,1
-0.52,157.21,8,12,19,3,0,0
5.76,420.81,9,3,15,3,1,1
4.2,439.29,6,1,10,4,1,1
5.52,216.04,3,3,6,1,1,1
5.16,761.99,2,11,16,6,0,1
2.78,694.98,9,10,16,2,0,0
5.37,568.32,2,10,11,1,1,1
-1.29,423.61,8,9,12,0,0,0
-0.43,388.24,4,5,9,5,0,0
-1.64,555.68,2,14,6,3,0,1
0.6,481.8,4,10,13,0,0,0
1.11,143.59,1,6,0,4,0,0
0.17,458.75,10,2,16,3,0,0
4.63,664.48,3,2,3,2,0,0
0.85,421.47,9,11,20,3,0,0
0.25,136.37,1,9,4,5,0,0
2.34,650.39,1,11,19,6,0,1
-0.87,240.95,7,7,6,1,0,0
4.42,281.03,0,4,9,5,1,1
-1.4,215.29,6,3,16,6,0,0
5.9,331.15,4,6,6,5,1,1
4.18,629.73,10,6,0,1,0,0
-0.41,463.57,7,12,6,3,0,0
-1.96,243.42,0,8,10,4,0,0
4.52,714.48,10,8,8,1,0,1
3.65,715.71,6,4,11,1,0,1
3.83,709.4,4,12,2,6,0,0
4.17,267.16,3,11,3,2,1,1
-1.41,415.87,6,12,3,3,0,0
0.87,789.49,9,7,12,1,0,0
-1.07,640.41,1,9,18,4,0,1
4.9,119.02,0,0,9,0,0,0
2.99,145.64,0,8,4,3,0,1
0.65,424.75,10,7,6,2,0,0
-1.49,736.45,0,5,15,5,0,0
0.49,477.09,4,15,0,1,0,0
0.6,448.47,9,15,11,4,0,0
3.84,173.83,6,12,1,3,0,0
3.1,559.75,1,2,6,4,1,1
5.1,675.47,9,2,10,4,0,0
1.78,366.29,7,7,12,6,1,1
-1.04,642.93,3,4,1,5,0,0
3.71,775.13,2,9,6,2,0,1
4.09,242.64,9,10,14,3,1,1
2.49,466.33,10,13,10,1,1,1
4.17,301,7,6,1,2,1,1
1.95,655,1,4,6,1,0,1
2.18,504.32,10,7,3,0,1,0
1.42,544.21,10,9,10,4,0,0
-1.8,658.54,2,9,1,0,0,0
-1.14,377.18,2,3,15,6,0,0
-1.75,740.56,9,1,6,4,0,0
3.09,473.12,10,2,12,5,1,1
0.51,210.57,0,7,4,2,0,0
2.07,587.13,5,14,16,1,1,1
5.26,655.28,1,10,20,6,0,1
-0.01,321.73,0,12,11,5,0,0
1.28,700.03,1,6,18,1,0,1
4.04,734.3,5,12,6,2,0,0
-0.17,293.83,3,1,5,3,0,0
-1.38,788.47,5,5,7,6,0,0
0.32,198.5,8,8,12,0,0,0
-0.71,241.41,9,14,4,0,0,0
5.44,228.96,9,15,1,1,1,1
4.46,725.79,7,3,8,1,0,1
3.07,558,0,8,10,1,1,1
4.97,206.47,7,1,5,6,1,1
4.43,408.23,8,1,6,2,1,0
-0.51,530.71,5,15,6,3,0,0
5.14,158.42,9,8,18,0,0,0
2.31,717.69,4,11,5,5,0,0
4.46,662.52,5,6,10,4,0,1
5.17,453.64,5,6,10,6,1,1
0.54,776.99,8,0,6,6,0,1
-1.12,392.43,3,12,1,2,0,0
-0.18,788.88,1,10,18,0,0,0
1.42,567.54,10,5,3,3,0,0
4.54,544.27,10,12,5,2,1,1
4.89,216.17,8,6,16,5,1,1
-1.94,717.35,1,10,4,0,0,0
2.09,399.24,9,13,6,2,1,0
1.34,213.56,8,5,8,0,0,0
-0.22,108.83,1,5,0,0,0,0
-1.04,491.83,7,1,0,6,0,0
0.7,469.18,8,15,18,3,0,1
5.54,603.55,9,5,5,6,0,0
0.59,723.18,8,3,17,4,0,1
2.15,155.58,9,8,9,3,0,0
3.62,612.05,8,14,10,0,0,0
0.91,231.19,1,11,0,2,0,0
5.77,700.72,3,0,0,5,0,1
5.7,673.34,6,12,12,3,0,1
0.01,478.56,1,7,4,4,0,0
1.98,597.17,0,4,19,0,1,1
0.41,320.05,2,0,0,5,0,0
0.28,429.82,3,3,19,3,0,1
-1.7,675.15,7,0,2,6,0,0
2.88,421.49,5,5,17,6,1,1
2.02,350.46,10,1,8,3,1,0
-1.59,445.95,1,14,13,3,0,0
0.23,679.77,8,4,16,3,0,0
5.27,334.65,1,6,13,5,1,1
-0.08,221.63,4,1,3,6,0,0
-0.84,598.41,3,5,4,2,0,0
1.92,678.18,6,5,20,4,0,0
5.89,170.45,7,4,16,4,0,1
-0.06,267.91,4,4,1,0,0,0
3.38,199.38,9,13,4,1,0,0
4.09,343.56,4,2,3,2,1,0
-0.1,415.25,1,14,3,6,0,1
3.83,624.18,7,15,5,0,0,0
0.94,555.8,1,9,19,0,0,0
3.06,534.65,9,14,20,3,1,1
3.07,346.66,5,9,12,1,1,1
2.29,689.01,7,10,4,6,0,1
-1.28,429.9,5,15,6,1,0,0
4.68,785.37,3,11,19,2,0,1
0.57,543.9,3,1,0,1,0,0
-0.51,188.39,5,6,13,0,0,0
-1.67,573.32,3,0,3,1,0,0
2.73,327.57,7,15,16,1,1,1
3.42,580.43,8,5,20,4,1,1
-1.87,148.75,0,5,13,6,0,0
2.1,222.42,3,2,15,6,1,1
-0.19,699.02,3,1,13,0,0,1
3.16,259.03,1,11,15,5,1,1
-0.61,685.93,5,1,19,1,0,0
3.53,295.49,2,13,7,1,1,1
1.09,550.02,6,12,2,3,0,0
5.49,585.91,10,8,18,6,1,1
-0.9,458.86,10,15,0,1,0,0
0.73,313.72,4,10,1,6,0,0
-1.09,248.85,3,4,14,1,0,0
5.4,123.23,4,6,9,4,0,1
5.02,312.76,7,11,17,0,1,1
0.06,557.21,2,4,13,6,0,0
3.28,756.81,6,6,16,2,0,1
4.54,709.84,5,12,12,0,0,1
2.44,636.25,0,3,0,3,0,0
2.24,651.91,6,7,4,0,0,0
-0.07,565.49,6,12,12,1,0,1
-1.26,282.2,0,10,13,3,0,0
5.18,735.04,8,13,2,0,0,1
5.2,569.51,5,9,14,3,1,1
3.06,492.31,1,12,18,2,1,1
0.71,177.69,4,10,16,0,0,1
0.79,412.94,10,9,2,6,0,0
3.81,422.25,3,15,15,6,1,1
5.18,705.19,6,6,13,5,0,1
5.1,482.65,7,9,11,1,1,1
4.24,366.28,10,14,11,3,1,1
3.14,783.76,10,4,10,5,0,1
-1.33,177.5,0,10,16,5,0,0
-0.71,395.78,4,5,7,4,0,0
5.19,129.42,2,4,16,3,0,0
2.85,617.93,0,6,20,5,0,1
-1.93,742.65,2,11,19,4,0,0
-1.19,296.03,5,1,10,5,0,0
3.31,700.84,6,4,1,1,0,0
-1.96,304.55,7,14,9,2,0,0
-0.71,737.54,10,15,9,4,0,0
2.39,627.77,3,9,10,2,0,1
3.54,663.43,2,15,5,3,0,0
3.22,112.6,4,14,3,1,0,0
-0.21,773.97,8,2,11,4,0,1
3.7,608.67,5,8,10,3,0,0
-0.1,313.33,8,15,12,5,0,0
0.6,680.58,5,12,4,6,0,0
3.97,297.06,1,5,5,0,1,0
3.2,710.93,4,12,0,3,0,0
4.79,178.81,10,9,5,2,0,0
3.26,592.58,8,2,17,1,1,0
2.55,478.49,7,6,8,1,1,0
-1.25,167.57,6,3,14,3,0,0
0.94,269.33,0,13,7,5,0,0
0.12,108.68,3,2,18,0,0,0
-0.05,428.14,6,7,15,2,0,0
5.78,310.89,10,15,5,3,1,1
1.14,518.85,6,12,5,3,0,0
5.14,308.07,5,3,2,6,1,1
3.05,309.94,7,10,9,1,1,0
4.36,620.24,10,0,0,2,0,0
2.02,133.7,5,5,13,0,0,0
2.62,732.03,9,9,3,1,0,0
1.94,696.58,2,10,11,3,0,0
-0.44,567.46,3,10,5,1,0,0
3.78,515.26,2,0,10,1,1,1
0.25,724.61,0,4,11,4,0,1
-1.81,229.73,9,6,9,1,0,0
3.16,155.28,4,14,17,5,0,1
-0.58,267.66,0,5,6,1,0,0
5.52,656.2,0,13,6,5,0,1
5.63,124.27,1,1,10,2,0,1
5.32,507.96,3,10,3,1,1,1
0.96,796.81,5,3,19,0,0,1
-1.88,698.99,7,10,0,5,0,0
5.43,465.01,2,14,12,5,1,1
1.43,144.55,0,1,17,3,0,0
5.73,681.96,2,10,8,2,0,0
5.71,519.28,2,0,8,1,1,1
4.82,180.45,4,14,8,6,0,0
0.36,165.7,10,2,9,0,0,0
1.08,736.74,3,2,1,3,0,0
4.81,568.44,3,14,5,2,1,1
0.54,680.5,8,11,14,5,0,0
-0.64,715.29,6,6,2,0,0,0
2.45,500.24,3,0,10,1,1,1
5.49,462.21,2,8,5,6,1,1
3.57,401.3,5,10,2,4,1,0
2.56,321.86,2,5,10,4,1,0
-1.22,404.22,5,3,14,2,0,0
2.92,641.72,10,2,12,6,0,0
5.92,521.35,10,14,19,0,1,0
-0.88,724.77,8,2,9,3,0,0
2.15,410.37,5,1,5,0,1,1
5.02,524.96,3,1,14,6,1,1
3.93,541.92,4,13,17,5,1,1
3.58,514.19,5,11,17,4,1,1
3.62,591.84,10,12,6,2,1,0
0.88,266.2,2,15,14,1,0,0
0.35,458.65,7,9,17,0,0,0
4.47,172.96,3,4,17,4,0,1
4.48,369.16,7,8,19,3,1,1
4.94,441.37,9,1,8,2,1,1
5.31,556.56,9,1,1,1,1,1
2.09,765.37,2,11,7,0,0,0
2.01,520.46,9,5,19,3,1,1
4.39,620.52,6,12,1,1,0,0
3.2,454.39,10,14,10,5,1,0
3.62,543.87,8,9,6,4,1,1
4.37,149.65,3,1,5,5,0,0
5.12,278.07,7,11,9,4,1,1
0.7,353.3,2,3,4,3,0,0
1,430.75,6,5,10,5,0,0
-1.25,131.95,2,4,0,4,0,0
2.63,198.02,6,0,1,2,0,0
-1.71,293.77,10,14,0,3,0,0
1.72,780.07,9,5,18,4,0,0
2.34,331.94,9,15,1,0,1,0
0.29,437.43,10,0,20,4,0,0
2.73,237.27,10,2,19,5,1,0
-1.76,527.55,5,9,20,2,0,0
-1.7,296.48,1,4,3,1,0,0
4.58,244.89,10,13,11,1,1,1
0.88,461.6,2,9,19,4,0,0
-0.98,103.85,5,12,17,1,0,0
2.18,105.36,3,4,0,4,0,0
4.16,253.35,5,12,0,2,1,1
-0.27,125.7,0,9,13,1,0,0
2.98,175.62,9,5,3,5,0,0
-1.32,337.2,0,14,4,5,0,0
-1.59,661.81,2,11,10,0,0,0
2.25,500.43,7,9,12,4,1,1
2.33,458.87,7,7,15,1,1,0
3.1,305.44,10,4,12,5,1,1
3.81,752.23,3,13,1,6,0,1
5.81,377.91,5,14,15,2,1,1
2.13,160.96,7,10,5,2,0,0
0.58,531.95,6,15,13,6,0,0
4.36,179.69,10,0,0,6,0,0
0.17,341.66,6,15,16,0,0,0
1.51,455.19,3,4,10,2,1,1
-1.37,711.96,8,2,18,2,0,0
-1.8,445.48,9,3,2,1,0,0
5.7,591.58,5,14,10,4,1,1
4.69,794.97,10,14,4,3,0,0
3.57,192.04,2,12,16,2,0,0
1.27,292.31,4,7,6,2,0,0
-0.61,376.2,4,15,9,3,0,0
-0.75,395.28,4,6,10,2,0,0
0,387.71,7,10,2,1,0,0
2.39,735.33,8,4,19,1,0,1
3.72,599.82,8,1,9,3,1,1
3.28,525.53,5,5,9,5,1,1
0.24,316.56,5,10,13,2,0,0
5.64,676.65,8,5,11,5,0,1
3.9,768.54,3,9,14,2,0,1
2.43,674.84,5,9,9,4,0,1
2.89,101.1,3,13,9,2,0,0
1.36,545.48,10,10,18,1,0,0
-0.02,135.79,0,5,0,0,0,0
0.85,280.33,6,13,9,6,0,0
4.06,141.67,9,8,1,0,0,0
-1.88,522.66,10,10,16,0,0,0
-1.07,580.61,5,7,6,0,0,0
-1.63,180.14,8,7,6,6,0,0
-1.67,368.69,6,0,19,5,0,0
4.84,419.37,6,4,8,6,1,1
3.63,358.34,1,6,1,5,1,1
1.79,184.72,10,15,13,6,0,1
-1.22,393.26,8,5,16,6,0,0
1.93,625.82,9,4,0,2,0,0
1.79,149.71,8,7,8,5,0,0
-0.61,156.13,5,2,19,2,0,0
1.47,348.34,2,5,20,4,0,0
1.19,759.21,0,14,18,2,0,0
2.93,568,3,4,3,0,1,1
3.08,575.07,2,15,7,3,1,1
-1.64,353.34,0,7,12,3,0,0
1,515.56,2,3,3,1,0,0
3.01,107.09,3,7,8,1,0,0
2.03,545.27,7,9,8,2,1,0
4.85,739.3,8,13,17,6,0,1
3.27,528.8,2,14,11,6,1,1
-0.7,711.59,5,1,9,3,0,0
-1.44,606.78,9,8,10,0,0,0
3.14,184.39,10,12,6,5,0,0
-1.79,731.72,4,15,8,0,0,0
2.69,146.51,5,8,5,0,0,0
5.52,473.78,3,14,18,2,1,1
2.6,199.5,9,13,15,2,0,0
1.11,108.19,5,9,14,4,0,0
3.15,395.42,6,9,6,0,1,1
1.67,306.53,8,12,15,6,1,0
2.36,440.2,9,5,4,6,1,0
5.53,504.04,6,15,15,0,1,1
1.09,130.62,5,3,0,2,0,0
5.69,186.1,0,3,18,2,0,1
5.24,491.05,1,12,4,4,1,1
-0.43,340.22,0,5,6,4,0,0
-1.45,610.42,8,4,18,1,0,0
-1.19,556.6,9,5,4,3,0,0
-1.85,691.92,9,6,16,0,0,0
-1.24,584.74,8,6,7,6,0,0
3.46,400.95,6,8,0,0,1,0
-1.43,571.08,1,7,1,4,0,0
0.55,292.77,5,12,14,4,0,0
4.76,314.42,10,15,19,1,1,1
-1.81,652.29,3,5,17,3,0,0
4.52,412.49,0,11,10,1,1,1
0.25,658.87,0,15,9,6,0,0
-1.05,675.7,4,5,3,3,0,0
3.57,700.29,1,14,4,5,0,1
3.03,741.64,3,13,3,0,0,0
5.02,401.69,0,4,12,1,1,1
3.88,323.21,3,0,12,4,1,1
4.43,507.54,10,8,17,1,1,1
0.26,359.82,5,8,1,5,0,0
-0.58,520.75,9,8,15,1,0,0
4,593.91,3,14,0,0,1,1
4.45,581.88,0,10,18,5,1,1
5.92,362.19,6,7,8,4,1,1
1.3,216.8,1,12,2,4,0,0
0.98,401.37,8,9,6,2,0,0
4.21,199.82,2,12,9,5,0,0
0.73,723.07,7,2,0,2,0,0
5.45,342.11,7,0,9,2,1,1
4.87,208.12,2,10,20,0,1,1
1.43,117.81,3,11,8,1,0,0
4.01,552.08,1,11,14,4,1,1
4.04,545.83,3,7,14,4,1,0
-1.18,338.42,10,6,2,1,0,0
5.22,150.2,10,12,4,4,0,0
2.04,386.74,10,4,8,1,1,0
4.61,317.85,8,9,8,5,1,1
0.56,573.98,1,6,6,0,0,0
5.16,524.05,2,9,11,0,1,1
1.11,355.22,10,3,8,6,0,0
-1.91,252.52,10,8,5,0,0,0
5.24,791.63,3,10,1,1,0,1
-1.27,417.8,4,9,8,6,0,0
0.55,581.79,0,13,16,1,0,0
5.6,198.39,6,1,0,3,0,0
5.6,439.91,9,8,18,6,1,1
2.59,119.28,6,8,5,4,0,0
3.05,453.82,8,4,4,4,1,1
1.59,774.81,3,10,1,3,0,0
0.35,368.94,5,0,8,3,0,1
0.63,127.3,10,6,13,0,0,0
3.38,121.67,1,9,3,3,0,0
4.02,371.59,3,9,3,1,1,0
4.33,212.02,1,3,20,2,1,1
4.32,116.35,9,8,14,1,0,0
-1.27,629.35,4,5,7,6,0,0
1.96,420.97,6,12,3,3,1,0
-1.54,302.47,0,2,15,4,0,0
2.4,730.06,9,5,20,1,0,0
1.53,181.3,9,12,3,4,0,0
5.1,769.14,6,9,15,1,0,0
0.81,319.78,9,5,11,4,0,0
-1.06,721.88,5,4,15,5,0,1
-0.86,522.06,5,1,18,1,0,0
4.09,678.7,7,9,7,6,0,0
2.95,788.81,7,9,5,4,0,1
-1.19,301.88,5,1,9,2,0,0
-1.33,772.79,2,6,4,6,0,0
3.61,372.64,4,1,17,0,1,1
-1.42,369.86,1,11,9,1,0,0
4.57,338.27,4,5,9,2,1,1
3.65,478.99,8,4,6,0,1,0
-1.35,207.9,9,3,17,1,0,0
-1.32,487.6,0,6,0,2,0,0
5.89,479.19,9,7,6,2,1,1
0.99,633.33,4,15,20,6,0,1
0.97,683.55,5,3,0,5,0,0
4.5,408.31,10,0,14,2,1,1
5.58,311.63,6,0,3,5,1,0
5.89,281.53,8,0,19,3,1,1
4.03,236.24,5,10,9,6,1,1
1.01,140.35,4,0,8,4,0,0
-1.33,339.71,6,4,1,6,0,0
4.22,289.17,0,3,13,0,1,1
2.47,776.49,10,12,15,4,0,0
1.39,490.4,4,13,0,4,0,0
5.25,343.09,1,8,1,5,1,1
-1.11,506.33,3,14,6,4,0,0
1.94,197.44,6,2,9,2,0,0
-1.91,410.83,4,13,19,5,0,0
1.75,538.36,5,6,0,4,1,1
-1.55,442.23,1,10,12,5,0,0
-1.05,381.25,2,7,0,3,0,0
-1.06,795.69,6,5,4,5,0,0
3.19,716.22,10,15,15,1,0,1
3.97,536.38,1,11,14,2,1,1
2.67,498.56,5,12,16,0,1,0
5.7,534.46,4,9,15,1,1,1
1,240.92,9,12,12,1,0,0
0.29,376.6,0,0,10,1,0,0
4.95,127.62,10,7,16,4,0,0
-0.21,432.88,9,14,16,5,0,0
5.71,480.12,10,9,1,5,1,1
-1.9,259.42,3,2,12,6,0,0
5.76,774.82,10,7,13,4,0,1
-1.65,736.62,1,11,10,2,0,0
5.13,605.5,3,3,9,4,0,0
2.22,473.37,0,15,2,4,1,0
5.94,708.98,1,7,16,4,0,1
-1.41,191.46,7,15,14,2,0,0
2.43,653.36,5,10,8,6,0,0
5.75,187.37,1,0,9,2,0,1
2.18,655.95,5,2,7,3,0,1
3.04,293.04,9,5,20,6,1,1
3.57,713.96,8,14,12,3,0,0
1.64,760.83,6,15,17,3,0,0
3.02,204.16,8,14,4,3,1,1
2.67,423.87,4,8,5,5,1,1
5.21,786.69,6,1,16,1,0,1
-1.64,438.39,10,10,10,1,0,0
0.25,704.48,6,0,19,3,0,1
5.6,512.11,2,14,15,3,1,1
5.12,362.73,6,9,8,0,1,1
1.65,300.05,0,2,1,1,1,1
2.96,242.26,8,3,4,0,1,1
0.22,633.26,9,10,0,6,0,0
-0.5,370.58,5,4,3,0,0,0
1.71,457.89,4,2,3,4,1,1
0.83,444.63,6,12,2,5,0,0
2.67,504.1,4,9,8,6,1,1
-1.38,705.9,9,10,11,2,0,0
5.8,786.52,4,1,9,1,0,1
5.89,385.31,10,1,1,3,1,0
3.59,679.26,9,6,10,6,0,0
2.29,635.17,10,8,9,3,0,0
0.48,501.47,6,9,5,2,0,0
4.51,769.23,9,1,17,6,0,0
3.48,240.33,6,6,1,1,1,1
-0.7,176.48,10,6,1,6,0,0
5.29,697.77,2,10,9,3,0,1
4.58,407.4,2,6,15,3,1,1
5.6,692.88,9,2,11,4,0,1
3.81,725.16,2,11,0,0,0,0
2.91,143.72,5,6,20,6,0,0
1.35,718.43,5,0,7,3,0,0
5.46,413.82,2,9,15,5,1,1
4.93,457.3,2,0,17,1,1,1
-1.64,538.61,7,4,12,5,0,1
-1.79,748.47,7,15,14,2,0,0
1.01,113.38,6,14,20,6,0,0
4.48,433.79,9,1,11,4,1,1
5.9,581.41,3,8,7,1,1,1
-0.8,605.89,3,14,9,4,0,0
2.75,584.77,2,6,13,0,1,1
1.05,194.1,4,15,4,3,0,0
5.76,309.58,2,3,17,1,1,1
4.74,351.1,7,3,18,2,1,1
4.71,663.11,6,1,14,6,0,1
1.75,295.13,2,4,5,0,1,0
1.32,247.49,8,3,10,0,0,0
0.19,770.21,4,15,20,4,0,0
-1.55,106.2,8,11,10,0,0,0
4.92,798.47,6,12,19,1,0,0
4.5,573.77,6,0,19,4,1,1
6,679.93,5,11,20,0,0,1
5.97,306.23,1,7,17,6,1,1
2.44,110.02,8,2,17,2,0,1
4.15,616.51,5,15,9,6,0,0
5.56,683.9,7,13,1,5,0,0
4.8,618.33,0,5,8,1,0,1
-0.02,200,4,3,13,2,0,1
1.6,627.4,0,8,18,2,0,1
-0.97,638.25,9,6,9,4,0,0
5.63,560.98,10,8,3,3,1,0
2.85,636.28,7,15,5,4,0,0
-0.17,692.15,7,9,13,1,0,0
3.37,529.52,0,2,3,1,1,1
2.95,162.02,8,0,14,4,0,0
0.87,441.34,1,4,15,3,0,1
-1.09,154.35,8,15,6,6,0,0
3.37,385.28,0,2,16,4,1,1
2.16,384.97,9,5,18,1,1,1
4.18,146.21,8,7,18,3,0,0
2.16,344.17,3,10,16,1,1,1
4.82,177.7,8,12,5,3,0,1
2.42,665.76,6,3,10,3,0,0
2.49,763.38,10,4,15,4,0,0
5.01,150.62,5,4,7,4,0,0
1.23,768.58,4,3,10,4,0,1
-0.93,465.8,10,3,6,3,0,0
-1.77,309.7,8,3,18,3,0,0
4.04,153.8,1,3,9,1,0,0
2.96,450.44,10,3,8,2,1,1
3.63,656.16,1,4,3,4,0,1
-0.3,594.96,10,1,14,5,0,0
-0.91,135.16,8,1,12,1,0,0
-1.88,151.03,2,15,1,1,0,0
0.8,382.01,7,8,1,0,0,0
2.72,306.7,10,1,15,4,1,1
1.14,262.67,8,5,8,6,0,0
1.5,296.7,7,1,12,1,0,0
5.23,662.44,3,4,2,0,0,1
0.79,750.46,0,3,8,5,0,0
2.11,383.57,3,15,12,5,1,1
4.27,734.28,8,11,20,6,0,1
1.17,325.05,1,6,1,4,0,0
2.98,433.51,2,14,7,3,1,1
4.9,258.22,9,6,8,0,1,0
5.6,548.33,7,12,15,3,1,1
-0.82,785.29,5,5,1,5,0,0
5.41,522.45,7,9,5,5,1,1
1.94,350.47,6,4,7,2,1,1
0.07,553.47,4,0,4,2,0,0
1.67,186.04,8,15,8,6,0,0
5.84,722.06,3,11,0,2,0,1
1.94,452.16,5,14,8,2,1,1
0.63,414.54,1,2,9,6,0,1
3.07,510.11,1,8,3,1,1,1
-0.08,537.35,1,14,2,2,0,0
-1.39,150.24,9,13,9,1,0,0
-0.97,577.83,6,0,14,1,0,0
-0.98,269.35,1,4,10,4,0,0
-0.78,599.77,1,1,13,1,0,0
-0.89,675.77,8,3,5,1,0,0
3.13,662.77,6,15,11,2,0,0
-0.54,486.75,10,13,12,1,0,0
0.77,464.12,2,13,16,3,0,1
5.17,200.01,2,10,15,6,1,0
1.79,642.74,6,0,2,2,0,0
3.34,289.99,4,2,1,6,1,1
-0.62,447.69,9,9,10,0,0,0
-0.46,298.99,5,6,8,2,0,0
-1.67,193.68,7,9,2,1,0,0
-0.65,540.69,8,14,17,3,0,0
0.23,138.03,0,2,19,6,0,0
-0.58,624.05,2,3,14,2,0,0
-1.29,322.31,10,1,13,3,0,0
-1.03,100.09,6,2,1,6,0,0
1.69,457.79,5,8,16,0,1,0
-0.35,132.8,6,2,7,5,0,0
0.91,293.32,7,10,9,0,0,0
2.03,594.88,5,4,17,5,1,1
3.52,143.88,2,1,18,4,0,0
-1.69,687.54,1,15,7,5,0,0
4.4,102.67,6,3,7,4,0,0
3.02,272.78,10,11,2,2,1,1
-1.35,618.63,0,12,2,4,0,0
4.99,321.39,2,6,11,3,1,1
5.37,171.32,10,13,16,4,0,1
-1.51,352.16,3,6,3,3,0,0
0.22,289.28,0,11,16,6,0,0
4.45,689.9,4,2,13,6,0,1
3.99,319.34,9,4,18,5,1,1
-0.52,652.25,2,0,8,5,0,0
-0.33,724.31,1,9,20,5,0,1
0.96,403.67,2,9,11,4,0,0
1.88,736.96,7,15,4,5,0,0
2.95,364.12,5,9,10,4,1,1
0.95,774.85,6,10,19,4,0,0
1.7,162.5,5,0,2,1,0,0
3.98,580.91,5,4,20,1,1,1
-1.71,445.67,2,12,14,4,0,0
0.02,371.35,7,9,13,6,0,0
3.71,542.9,6,8,10,3,1,0
5.16,592.7,6,0,19,2,1,1
2.09,103.05,5,0,7,0,0,0
2.26,216.87,4,3,3,1,1,0
-1.14,599.13,9,3,11,4,0,0
1.58,566.47,7,1,7,0,1,0
2.26,776.23,4,8,5,1,0,0
-0.06,632.73,8,13,14,2,0,0
0.15,765.54,8,8,11,3,0,0
1.02,591.78,0,12,15,4,0,1
-1.84,308.64,5,12,15,2,0,0
0.58,173.76,6,1,20,6,0,0
-0.31,647.28,2,13,19,1,0,1
0.62,550.9,6,8,19,4,0,0
-1.04,133.73,10,14,3,0,0,0
5.12,352.04,10,5,10,6,1,1
2.75,769.76,6,7,12,6,0,1
3.43,450.28,10,9,8,5,1,0
4.31,402.91,1,12,3,3,1,1
1.99,420.39,6,14,11,6,1,1
-1.3,246.22,0,12,8,1,0,0
2.3,358.1,4,3,12,3,1,1
2.69,358.87,8,1,15,4,1,1
3.96,136.65,6,1,5,5,0,0
1.45,637.3,6,8,9,2,0,0
-0.98,391.55,10,0,12,3,0,0
0.27,675.53,1,11,6,0,0,0
0.9,695.24,7,6,18,1,0,0
3.17,248.4,2,15,18,0,1,1
2.57,560.15,7,10,16,3,1,0
0.85,430.6,2,13,12,5,0,0
5.89,716.11,9,2,12,2,0,1
2.85,251.02,6,2,20,2,1,0
-0.1,574.47,1,1,1,0,0,0
-1.19,525.43,3,13,9,4,0,0
-0.78,306.71,10,9,12,4,0,0
-0.03,195.62,5,15,8,5,0,0
-0.71,556.15,10,5,0,2,0,0
-0.51,617.02,8,12,13,0,0,0
0.28,320.94,4,9,15,0,0,0
-0.61,551.38,8,1,19,0,0,0
5.17,376.59,4,9,14,3,1,1
-1.36,599.24,9,14,0,5,0,0
2.2,239.45,7,3,16,4,1,1
1.28,723.15,0,9,12,4,0,0
5.86,301.19,6,15,14,3,1,1
-1.1,357.45,3,8,15,1,0,0
1.18,140.66,4,8,15,3,0,0
5.76,178.06,5,5,1,5,0,0
4.92,461.1,4,12,16,0,1,1
4.54,287.31,0,3,10,3,1,1
0.06,684.84,8,6,7,0,0,0
-0.63,110.29,1,13,19,5,0,0
3.35,365.37,8,0,2,6,1,1
5.44,336.14,9,11,11,5,1,1
2.45,113.53,1,3,19,2,0,0
2.57,187.06,8,4,15,0,0,0
0.24,389.55,5,7,13,4,0,0
4.16,445.01,10,11,15,3,1,1
-0.5,383,8,1,20,6,0,0
0.59,471.66,5,11,16,5,0,0
1.4,516.59,5,4,10,0,0,0
2.06,106.95,10,5,16,6,0,0
-0.06,424.87,1,4,18,1,0,0
-1.08,774.45,7,14,0,2,0,0
2.88,463.32,2,12,11,1,1,1
0.31,574.28,6,8,14,5,0,0
2.65,318.3,4,9,17,1,1,1
-0.77,641.79,2,15,13,1,0,0
1.85,641.05,0,0,0,2,0,0
2.26,464.91,7,13,12,2,1,1
-1.59,783.21,2,2,14,2,0,0
0.69,187.89,1,13,6,6,0,1
-0.92,111.86,0,1,14,2,0,0
-1.49,639.11,3,11,19,1,0,0
5.92,665.01,7,12,9,4,0,1
0.58,184.15,2,2,13,4,0,0
4.48,285.91,0,9,5,2,1,1
0.04,112.29,3,8,13,6,0,0
3.45,305.32,8,12,11,3,1,0
4.08,641.2,0,13,10,0,0,0
2.77,462.57,10,8,19,5,1,0
1.77,343.67,1,9,18,6,1,1
1.29,360.22,8,1,1,3,0,0
0.79,100.95,1,13,19,5,0,0
5.44,309.86,2,2,0,3,1,1
4.64,552.52,6,13,7,3,1,1
5.72,781.94,2,3,13,4,0,1
-1.01,692.94,8,8,8,0,0,0
3.85,116.52,5,2,1,3,0,0
5.51,728.99,2,12,4,2,0,1
-0.55,648.24,8,6,7,5,0,0
-1.47,646.26,0,11,15,6,0,0
3.93,420.6,9,2,15,4,1,1
2.6,378.6,2,6,12,5,1,1
4.73,312.04,0,6,19,2,1,1
-0.88,145.99,1,8,14,2,0,0
4.36,259.76,7,1,0,3,1,0
-0.39,272.62,6,12,2,2,0,0
-0.69,438.85,1,5,5,0,0,0
-0.69,623.21,1,8,13,2,0,0
4.52,431.67,8,11,3,3,1,1
3.32,140.49,5,15,17,5,0,1
2.18,770.45,4,14,14,2,0,1
0.87,759.91,9,11,8,4,0,0
5.02,649.63,5,14,17,6,0,1
1.14,793.93,8,1,2,4,0,1
4.53,481.14,10,15,9,4,1,1
1.51,773.94,6,1,16,5,0,1
1.02,152.92,9,12,6,1,0,0
1.7,355.98,9,13,14,6,1,0
0.41,257.77,8,4,0,4,0,0
3.98,237.08,3,9,10,4,1,1
2.02,198.56,1,9,16,1,0,0
-0.14,535.69,7,11,4,5,0,0
5.2,646.93,3,9,6,6,0,1
1.07,504.81,8,15,18,4,0,1
2.35,202.87,3,7,14,3,1,0
5.25,667.79,7,10,2,5,0,0
2.99,545.17,8,14,14,6,1,1
-1.06,371.72,8,8,4,4,0,0
5.52,571.89,9,1,11,4,1,1
3.02,281.93,3,4,19,1,1,1
0.68,341.63,0,13,4,6,0,0
-0.89,742.24,2,6,2,3,0,0
4.35,303.35,8,14,8,5,1,0
2.96,428.99,3,5,8,2,1,0
2.27,723.1,4,5,6,0,0,0
5.15,595.4,6,6,1,3,1,1
4.31,143.54,4,2,20,2,0,0
-0.79,203.11,3,12,15,3,0,0
0.49,105.49,1,2,8,6,0,0
-0.01,541.65,1,9,12,2,0,0
3.95,413.37,3,8,18,6,1,1
-1.73,193.99,9,13,19,2,0,0
2.56,770.55,9,7,16,3,0,0
4.1,470.76,8,4,5,1,1,1
5.01,269.33,7,5,3,3,1,1
0.74,450.42,2,10,0,6,0,0
4.57,575.73,8,11,17,3,1,1
-1.11,153.37,4,9,18,2,0,0
4.77,292.29,10,0,8,0,1,1
-0.98,664.88,2,9,12,2,0,0
1.18,421.77,4,11,7,4,0,0
4.38,482.6,9,0,12,3,1,1
-0.8,402.97,3,3,14,5,0,0
-0.17,130.73,7,1,10,3,0,0
3.78,216.02,4,10,11,1,1,1
3.76,411.88,9,6,13,6,1,1
3.13,246.43,7,1,3,5,1,1
3.55,134.99,8,9,0,2,0,0
2.34,690.55,3,1,3,1,0,0
0.01,786.83,6,4,18,3,0,1
0.77,655.2,1,3,8,2,0,0
-0.55,697.65,5,7,9,2,0,0
5.27,269.38,7,3,3,4,1,1
2.67,772.44,6,13,19,4,0,1
1.21,237.85,6,11,8,0,0,0
1.7,766,7,5,12,4,0,1
5.58,796.37,6,4,11,6,0,1
-0.77,598.21,4,10,10,5,0,0
2.69,786.8,6,13,11,2,0,0
2.05,498.68,9,1,17,4,1,0
2.89,281.68,2,10,11,0,1,0
-1.86,405.9,4,14,15,3,0,0
4.98,515.49,6,12,4,5,1,1
5.46,151.16,8,11,19,4,0,1
2.52,535.64,1,13,11,2,1,1
3.57,786.82,3,7,20,3,0,1
5.38,233.08,6,1,10,6,1,1
3.66,654.82,0,8,8,2,0,1
-0.78,735.53,1,14,17,3,0,0
2.61,760.59,8,8,2,6,0,0
2.85,772.09,9,2,19,6,0,0
1.39,465.02,6,3,16,5,0,0
3.89,784.12,9,7,13,2,0,0
5.47,630.12,6,8,0,4,0,1
5.4,213.17,5,2,16,4,1,0
1.61,433.83,2,4,7,0,1,1
-1.09,602.83,9,10,4,3,0,0
5.88,273.14,2,14,4,0,1,1
4.71,548.43,1,15,8,1,1,1
-1,566.62,10,7,2,4,0,0
5.37,213.89,5,2,18,3,1,1
4.96,495.56,3,6,8,5,1,1
2.15,640.14,4,10,17,0,0,1
2.73,449.23,2,7,15,5,1,0
1.19,108.47,5,15,0,5,0,0
-1.56,106.33,10,9,1,5,0,0
0.68,349.92,2,10,13,0,0,0
4.42,748.34,7,13,13,1,0,1
-1.96,260.07,8,2,0,6,0,0
0.67,544.05,3,15,15,6,0,0
1.19,255.45,8,1,14,0,0,0
2.3,325.17,6,9,14,6,1,1
5.36,693.63,2,12,11,2,0,0
0.77,610.2,6,6,15,6,0,0
0.78,166.78,0,11,13,4,0,0
3.9,400.09,2,8,14,0,1,1
1.62,120.42,5,0,14,6,0,0
-0.2,436.62,3,2,18,0,0,0
1.62,563.7,6,4,7,1,1,1
-0.87,182.95,2,2,1,2,0,0
-0.59,302.22,0,0,1,0,0,0
1.99,378.49,8,14,9,4,1,0
1.35,743.67,5,15,2,6,0,0
5.32,795.28,7,6,16,4,0,1
0.9,131.44,2,6,7,6,0,0
2.64,632.71,7,9,3,0,0,0
3.06,360.21,1,15,13,5,1,1
-1.9,374.72,3,11,20,6,0,0
3.31,627.99,2,7,9,5,0,1
-0.58,742.9,9,4,0,2,0,0
5.69,765.65,0,9,3,4,0,1
-0.81,503.99,6,11,0,5,0,0
1.32,349.98,10,4,16,4,0,0
-1.32,651.28,9,4,16,6,0,0
5.97,275.7,1,0,6,6,1,1
2.02,494.85,3,9,19,2,1,1
2.76,351,8,4,14,6,1,0
-1.46,559.64,5,5,12,2,0,0
4,268.28,7,14,1,5,1,0
-0.32,234.12,1,12,18,6,0,1
5.18,742.77,6,11,12,0,0,1
-0.36,171.26,5,0,10,3,0,0
-0.47,454.17,8,10,14,1,0,0
-1.71,254.6,6,6,9,3,0,0
1.78,127.25,0,0,8,3,0,0
2.52,125.21,7,10,8,4,0,0
-1.47,222.66,10,1,19,2,0,0
4.2,706.74,9,1,0,4,0,1
1.63,297.74,2,4,16,5,1,1
2.2,765.32,1,13,11,1,0,1
1.53,507.14,2,9,9,5,1,1
1.21,405.63,10,15,4,0,0,0
2.48,506.06,5,12,17,1,1,1
-0.76,461.69,2,6,14,4,0,0
-0.54,631.14,9,0,5,6,0,0
4.89,297.75,4,9,6,6,1,1
5.57,347.14,5,15,16,4,1,1
0.99,725.87,7,0,5,5,0,0
0.17,762.52,6,0,7,4,0,0
3.15,724.79,10,5,11,4,0,1
1.27,393.61,7,1,20,3,0,0
-1.8,646.26,2,0,13,0,0,0
-0.75,433.44,3,5,11,6,0,0
3.73,448.28,5,13,9,3,1,1
3.27,243.28,10,1,19,4,1,1
-1.78,513.79,6,5,14,2,0,0
-0.22,230.3,8,9,6,3,0,0
-0.15,332.1,0,7,8,4,0,0
3.38,698.52,7,1,9,6,0,1
-1.84,244.95,7,10,9,4,0,0
-1.17,149.81,5,8,15,0,0,0
4.4,148.31,3,7,6,5,0,0
-0.57,758.55,2,11,4,1,0,0
3.22,454.84,10,9,2,3,1,0
-0.09,386.59,2,0,17,3,0,0
-1.2,667.62,5,6,10,3,0,0
-0.05,685.08,7,13,14,4,0,0
3.78,332.53,6,12,20,0,1,1
4.85,585.53,10,9,19,4,1,1
4.64,639.79,0,5,4,4,0,0
1.18,558.26,10,13,11,5,0,1
3.34,206.12,5,5,3,2,1,0
-0.36,713.12,6,5,14,0,0,0
0.35,477.37,6,5,8,3,0,0
5.17,297.73,8,9,6,1,1,1
-1.9,397.66,10,6,9,3,0,0
-1.32,126.3,10,11,12,4,0,0
-0.34,189.51,9,2,7,0,0,0
-1.79,635.88,4,13,11,6,0,0
-0.55,100.01,0,5,18,0,0,0
2.66,391.6,1,2,0,0,1,0
1.37,465.76,3,6,15,2,0,0
5.14,138.24,4,15,16,3,0,1
4.54,781.15,8,6,17,2,0,1
0.73,258.29,10,7,10,6,0,0
0.08,312.94,0,1,17,6,0,0
1.04,312.76,2,8,6,5,0,0
2.72,261.29,4,12,17,1,1,1
0.14,101.03,2,4,7,5,0,0
2.99,610.54,3,8,5,4,0,0
1.28,776.79,2,9,6,2,0,0
2.42,257.01,3,4,9,2,1,1
1.49,564.13,0,6,10,5,0,0
0.36,619.33,7,10,12,4,0,0
5.59,693.9,3,8,8,0,0,1
4.11,395.84,6,14,6,4,1,1
-0.88,312.05,1,3,8,3,0,0
4.95,327.71,1,1,12,5,1,1
1.9,598.83,5,8,2,4,1,0
5.16,671.75,1,12,2,0,0,0
4.4,227.13,5,1,0,4,1,0
1.4,359.66,10,2,20,2,0,0
-1.82,731.36,1,9,19,1,0,0
0.15,664.69,3,1,1,2,0,0
2.33,789.4,6,2,2,6,0,1
3.07,627.97,7,5,14,1,0,0
0.06,375.24,2,2,5,6,0,0
-0.89,513.45,8,14,12,4,0,0
4.68,562.71,1,9,20,3,1,1
5.88,154.92,7,7,0,4,0,0
2.21,481.15,7,10,19,0,1,1
-0.63,596.52,3,5,18,4,0,0
0.18,217.12,0,6,0,1,0,0
-1.85,646.44,0,15,20,2,0,0
5.31,508.64,1,15,1,3,1,1
-1.06,766.56,8,0,14,6,0,0
2.61,129.7,1,2,13,4,0,0
0.19,285.73,1,2,18,4,0,0
2.43,521.09,5,1,10,2,1,0
3.21,307.59,6,6,14,3,1,1
4.64,600.1,6,8,5,5,0,1
-0.35,631.3,8,3,19,6,0,1
-1.91,171.76,5,11,8,4,0,0
-0.9,459.7,7,4,4,4,0,0
5.2,456.22,10,2,19,5,1,1
4.99,358.5,5,10,1,6,1,1
2.78,753.05,1,8,5,1,0,1
2.8,679.25,0,13,17,1,0,0
3.32,588.05,4,3,18,0,1,1
-0.6,600.03,8,4,8,2,0,0
5.32,423.2,7,0,20,3,1,1
1.35,744.7,3,10,5,4,0,1
1.07,586.22,4,11,13,6,0,0
2.15,610.29,4,14,12,4,0,1
-1.62,703.18,5,12,10,0,0,0
-0.67,291.85,2,1,11,6,0,0
3.9,664.95,4,11,18,6,0,1
-1.34,236.67,1,12,18,4,0,0
2.83,341.74,9,8,20,2,1,1
-0.04,334.93,0,1,18,0,0,0
1.11,784.97,10,4,12,2,0,0
0.31,699.58,0,12,13,0,0,0
0.85,590.82,9,15,17,4,0,0
3.75,608.94,6,15,11,0,0,1
0.38,493.45,1,7,3,1,0,0
2.53,762.96,3,2,9,6,0,1
1.81,447.38,4,5,16,3,1,1
3.31,366.36,6,3,3,4,1,0
5.49,214.12,1,10,11,5,1,1
3.86,650.34,5,6,12,3,0,0
-0.28,614.11,0,9,3,4,0,0
-1.75,369.05,6,13,9,3,0,0
0.1,117.64,8,12,2,1,0,0
2.76,687.3,4,2,14,3,0,0
-1.59,107.99,4,15,1,0,0,0
1.97,592.59,3,5,16,3,1,1
2.77,779.18,2,14,5,4,0,1
0.67,406.36,8,11,7,5,0,0
4.17,264.48,4,14,2,5,1,1
-1.15,593.41,7,9,17,2,0,0
-1.4,671.99,8,8,0,6,0,0
3.83,482.5,4,10,15,3,1,1
1.96,776.92,9,15,6,5,0,0
3.51,136.17,8,9,2,3,0,0
1.48,453.36,1,0,3,6,0,0
-0.03,602.92,8,15,8,5,0,1
4.55,703.85,10,15,4,6,0,1
4.4,225.48,3,15,18,3,1,1
3.56,660,5,2,14,4,0,0
0.18,486.89,5,1,7,3,0,0
2.72,377.59,5,7,5,6,1,1
0.89,192.2,1,6,17,4,0,0
-1.27,705.71,6,1,18,4,0,0
5.34,210.09,5,5,14,2,1,1
-0.91,316.85,10,14,6,5,0,0
5.6,303.03,0,2,9,0,1,1
1.57,709.99,1,7,5,4,0,0
-0.52,570.89,6,9,13,6,0,0
2.34,657.68,0,12,16,5,0,1
4.98,275.33,0,2,8,1,1,1
3.86,537.41,0,9,18,3,1,1
4.45,500.22,7,13,4,6,1,1
3.27,682.98,3,15,6,1,0,0
3.54,734.26,3,8,18,6,0,1
4.79,108.51,1,15,19,3,0,1
0,571.81,10,0,6,2,0,0
1.92,136.29,10,4,1,6,0,0
-0.23,484.2,10,2,15,4,0,0
5.9,301.34,0,5,12,0,1,1
5.55,314.74,9,9,7,4,1,1
-1.68,347.07,8,1,5,3,0,0
3.64,534.9,6,8,5,6,1,0
5.4,333.83,3,5,8,0,1,1
-0.56,612.89,5,6,3,4,0,0
2.54,383.17,1,4,10,0,1,1
5.32,147.85,6,8,4,3,0,1
-1.73,648.63,1,0,16,2,0,0
3.58,300.03,9,4,19,2,1,1
0.38,402.94,7,10,6,6,0,0
5.4,579.81,7,9,14,4,1,1
5.77,332.72,0,10,14,1,1,1
5.55,139.61,7,5,13,3,0,0
1.79,361.74,1,6,12,4,1,1
4.9,761.11,5,15,10,4,0,0
4.76,549.21,0,11,12,2,1,1
0.55,570.04,4,3,8,6,0,0
4.63,542.6,10,11,9,0,1,1
-1.7,239.29,6,12,3,3,0,0
2.77,392.83,9,0,16,0,1,1
-0.16,625.66,0,14,13,5,0,0
-1.04,170.96,1,10,17,5,0,0
-1.38,294.5,6,7,10,3,0,0
3.57,293.42,5,9,15,6,1,0
0.72,402.41,2,3,0,1,0,0
3.8,786.26,9,2,6,5,0,0
-1.48,147.25,1,11,9,2,0,1
0.52,463.09,9,6,8,1,0,0
2.32,225.56,3,11,2,4,1,1
4.33,779.47,2,1,13,5,0,1
0.55,179.31,6,7,14,2,0,0
3.01,382.52,7,13,1,4,1,0
5.09,616.52,1,5,13,1,0,0
2.93,593.19,9,6,15,3,1,1
-0.14,395.91,6,13,6,4,0,0
-1.8,342.57,7,4,3,0,0,0
4.96,378.33,5,8,17,3,1,1
-1.83,284.99,5,4,4,3,0,0
5,243.73,9,10,5,1,1,1
2.23,438.13,0,4,6,1,1,1
5.51,287.97,3,2,14,2,1,1
4.39,301.22,0,10,0,2,1,1
5.98,559.73,3,0,3,0,1,1
0.81,777.98,1,1,0,3,0,0
4.14,522.55,10,7,10,6,1,1
1.22,153.89,4,14,17,0,0,0
1.84,152.91,9,0,13,0,0,0
3.02,766,8,6,10,6,0,0
4.99,308.1,10,13,9,6,1,0
5.87,164.45,9,13,16,6,0,1
4.15,519.33,2,4,3,1,1,1
1.34,536.55,7,2,14,0,0,0
1.37,553.95,2,11,15,0,0,0
3.9,287.18,5,11,20,4,1,0
-0.09,110.58,3,14,12,6,0,1
-1.12,775.51,7,10,8,6,0,0
0.84,275.63,10,6,10,2,0,0
0.3,573.22,5,8,10,2,0,0
0.37,594.64,7,1,5,3,0,0
-0.13,527.01,0,7,0,2,0,0
-1.66,319.04,5,8,5,5,0,0
-1.86,289.77,0,10,12,3,0,0
5.9,518.37,0,2,4,6,1,1
1.42,706.27,7,1,14,4,0,0
1.07,762.71,6,6,17,2,0,1
3.44,174.13,2,4,19,4,0,1
-0.25,208.38,5,4,13,2,0,0
5.6,761.32,8,9,14,2,0,1
4.29,615.57,6,4,4,4,0,1
-1.28,718.1,2,3,3,0,0,0
1.34,241.84,5,12,1,0,0,0
5.03,511.31,10,4,6,0,1,0
5.56,590.8,3,12,9,5,1,1
1.74,576.08,2,3,15,0,1,1
2.91,385.71,8,14,9,2,1,1
-0.66,110.78,9,12,17,6,0,0
5.93,508.05,1,5,16,1,1,1
-0.15,277.17,0,3,20,4,0,0
5.54,415.18,1,1,12,6,1,1
3.2,770.31,6,8,0,1,0,0
2.86,379.32,9,1,0,6,1,0
2.1,687.86,0,8,14,5,0,1
-0.15,231.98,5,15,0,1,0,0
-0.59,570.72,6,9,5,3,0,0
-0.24,783.9,8,5,12,0,0,0
-0.51,171.33,7,8,0,5,0,0
4.24,105.82,5,8,4,6,0,0
0.8,403.51,2,2,8,2,0,0
-1.54,164.84,7,0,16,0,0,0
5.75,623.87,6,0,15,0,0,1
5.07,740.18,2,2,7,1,0,1
5.42,403.81,8,4,16,3,1,1
5.96,281.1,1,12,14,0,1,1
-0.61,404.08,2,2,0,6,0,0
1.17,606.41,1,11,11,6,0,1
4.07,106.34,0,15,4,4,0,0
3.57,512.62,3,8,5,4,1,1
-0.77,529.3,4,8,0,0,0,0
4.53,546.38,5,2,0,1,1,1
-0.2,269.42,4,2,9,1,0,0
-0.21,599.84,0,11,9,2,0,0
2.3,163.97,2,13,2,5,0,0
2.74,239.49,0,4,16,5,1,1
2.64,714.23,10,1,18,5,0,0
-1.27,617.11,4,5,10,3,0,1
5.02,109.62,4,6,17,1,0,1
0.12,273.86,10,12,1,2,0,0
-0.96,250.08,5,8,8,4,0,0
5.11,289.56,7,14,16,6,1,1
5.65,273.29,9,5,13,5,1,1
4.9,143.77,0,2,3,4,0,0
4.48,421.26,3,11,16,4,1,1
3.24,612.91,9,4,16,0,0,0
2.41,524.71,10,3,11,3,1,1
-1.3,571.01,0,14,19,2,0,1
1.27,156.8,8,4,17,3,0,1
0.98,766.04,10,7,2,0,0,0
0.08,686.94,6,7,10,2,0,0
3.79,663.56,6,5,17,2,0,1
1.97,676.09,4,0,3,1,0,0
-1.35,752.9,6,7,16,3,0,0
-0.24,480.98,1,7,17,3,0,0
3.47,240.2,3,1,4,1,1,0
-1.39,531.75,6,3,13,4,0,1
4.81,620.02,2,11,9,0,0,1
1.96,616.54,1,15,14,3,0,0
1.84,465.01,9,1,0,1,1,0
2.74,147.92,1,3,15,6,0,1
4.6,359.78,0,11,10,2,1,1
0.78,744.54,4,12,19,5,0,1
3.42,509.11,5,12,5,6,1,0
2.53,476.83,5,9,15,1,1,1
0.14,288.2,8,6,1,5,0,0
5.03,357.91,3,8,0,4,1,0
4.38,726.74,0,13,8,0,0,0
3.27,566.52,5,15,11,5,1,1
4.8,651.17,4,15,16,4,0,1
4.94,418.04,9,13,14,5,1,1
3.67,541.17,5,7,18,2,1,1
4.7,273.87,2,15,9,2,1,1
3.58,593.82,1,14,11,2,1,1
3.44,399.32,5,11,13,2,1,1
2.95,409.78,0,8,8,1,1,1
4.02,554.53,6,7,12,2,1,1
-0.73,755.4,6,1,2,6,0,0
5.05,144.8,9,6,20,2,0,0
4.97,677.32,6,15,13,6,0,1
-1.77,304.67,10,1,20,1,0,0
4.61,410.74,9,12,9,2,1,1
-0.97,115.34,0,11,15,4,0,0
0.68,310.73,3,10,6,4,0,0
3.95,451.84,6,15,3,3,1,0
-0.71,139.32,10,1,19,4,0,0
4.54,443.77,8,14,10,0,1,1
4.66,748.98,4,3,15,0,0,0
2.06,173.78,1,0,19,0,0,0
-1.95,635.11,6,14,3,1,0,1
0.3,386.77,9,4,16,4,0,0
2.94,558.62,0,5,12,6,1,1
5.85,282.17,6,15,10,0,1,1
3.05,211.64,5,8,2,3,1,0
0.08,212.32,6,9,8,1,0,0
3.07,149.34,9,7,5,3,0,0
2.32,229.95,2,1,20,4,1,1
4.24,564.95,2,0,10,2,1,1
-1.14,717.18,6,1,15,3,0,0
4.09,669.89,1,6,18,2,0,1
2.33,579.59,0,3,4,1,1,0
5.7,177.3,8,9,13,3,0,0
0.73,302.43,8,4,16,3,0,0
3.06,316.86,6,11,2,5,1,1
5.46,274.97,6,6,3,1,1,1
-1.18,460.5,2,15,15,1,0,0
5.5,474.89,9,2,15,0,1,1
3.5,349.82,1,15,20,4,1,0
-1.46,347.65,10,9,3,3,0,0
0.41,679.99,6,1,18,3,0,0
3.67,652.5,8,12,16,6,0,1
-1.46,315.46,0,6,12,1,0,0
2.66,739.65,3,4,0,1,0,1
0.77,766.97,5,13,11,4,0,0
2.97,328.72,6,14,3,1,1,1
-1.63,348.1,9,0,10,2,0,0
4.97,453.94,6,0,4,2,1,0
5.79,758.78,9,8,1,5,0,1
5.75,713.42,1,4,16,2,0,1
4,171.8,3,0,7,2,0,0
-0.96,374.91,4,6,5,4,0,0
4.07,487.36,0,8,20,3,1,1
-1.8,452.19,0,10,8,2,0,0
-1.82,235.7,9,0,12,5,0,0
0.59,701.17,2,9,10,1,0,0
1.91,573.86,9,13,15,2,1,1
4.16,686.54,2,12,15,5,0,0
3.47,701.13,7,3,1,4,0,0
1.57,623.85,8,13,9,6,0,1
0.19,407.45,10,2,11,6,0,0
5.98,527.38,0,4,7,6,1,1
1.41,212.26,10,6,10,1,0,0
1.61,571.55,1,7,9,5,1,1
-0.69,225.48,9,12,12,2,0,0
4.36,585.76,1,1,16,3,1,1
3.55,260.72,3,6,6,1,1,1
-0.23,182.29,1,13,2,1,0,0
-1.34,215.7,6,13,19,6,0,0
3.44,101.39,8,0,12,3,0,0
3.24,603.12,6,6,18,6,0,0
0.19,612.68,5,7,6,1,0,0
5.61,460.45,9,1,8,2,1,1
-0.79,212.95,0,8,18,6,0,1
1.46,158.49,10,0,12,6,0,1
5.55,113.39,9,15,7,6,0,0
1.36,216.02,8,12,17,1,0,0
3.11,723.6,4,5,1,2,0,0
1.18,269.08,10,0,17,3,0,0
0.19,347.99,4,2,17,0,0,0
5.87,173.74,5,10,10,3,0,1
1.27,255.65,8,5,0,2,0,0
5.15,463.46,7,2,13,4,1,1
-0.16,525.43,7,7,15,6,0,0
-0.3,271.75,7,4,10,3,0,0
-1.75,140.41,0,1,0,4,0,0
3.21,373.72,0,3,6,4,1,0
0.95,263.94,7,8,15,2,0,0
4.91,253.69,4,3,13,2,1,0
1.79,771.9,8,9,14,6,0,0
5.75,531.41,1,9,13,0,1,1
-0.52,489.81,8,7,20,5,0,1
4.95,391.04,7,4,10,1,1,1
4.21,400.26,8,10,15,3,1,1
4.17,478.63,3,10,18,2,1,0
4.76,587.5,0,15,16,3,1,1
4.09,591.5,0,9,5,5,1,1
3.01,220.19,4,12,10,5,1,0
-0.95,450.08,1,12,16,6,0,0
-1.74,388.37,7,13,8,4,0,0
5.37,709.37,9,14,17,6,0,1
2.93,541.99,10,0,16,1,1,1
4.37,472.75,4,15,11,0,1,1
1.85,180.78,4,6,4,3,0,0
-1.06,523.95,1,15,10,1,0,0
-1,182.04,6,2,3,0,0,0
3.48,336.04,7,9,3,3,1,1
1.44,199.99,9,15,2,1,0,0
-0.4,584.45,0,7,16,2,0,0
1.93,244.38,1,13,6,3,1,1
-1.49,374.3,9,11,3,1,0,0
2.66,726.97,3,2,12,5,0,0
0.15,243.02,4,0,11,0,0,0
4.38,455.46,1,4,0,1,1,1
0.48,393.49,0,1,20,2,0,0
1.64,112.69,8,10,18,6,0,0
-1.91,654.93,0,3,20,3,0,0
-1.42,148.33,3,15,19,3,0,0
1.14,431.98,1,0,17,3,0,0
1.84,492.47,10,15,10,2,1,1
2.8,539.9,3,8,19,0,1,1
0.33,582.04,7,5,2,3,0,0
3.56,277.29,7,7,16,0,1,1
4.88,106.99,10,10,11,1,0,0
4.24,606.41,8,3,9,5,0,1
-1.68,474.96,10,8,7,5,0,0
1.84,685.28,4,1,14,0,0,1
-1.16,674.97,6,8,4,0,0,0
-0.06,690.33,2,11,3,5,0,0
5.89,439.57,9,4,20,3,1,0
-0.86,333.54,3,12,19,4,0,0
1.99,654.09,9,5,18,4,0,1
2.95,415.91,8,2,20,2,1,1
3.62,228.41,9,3,3,6,1,1
2.48,698.48,9,5,14,5,0,0
-1.92,717.79,0,6,16,5,0,0
0.61,426.42,1,0,11,2,0,0
2.14,152.99,4,6,2,4,0,0
-1.3,371.48,2,0,9,1,0,0
0.81,662.48,1,4,14,3,0,0
-1.73,731.24,0,5,9,3,0,0
-1.37,242.43,9,12,17,1,0,0
1.18,146.88,2,1,0,1,0,0
-0.94,714.15,0,14,2,4,0,0
2.54,372.58,0,14,20,2,1,1
3.52,479.23,0,12,11,1,1,1
4.4,777.65,7,9,0,2,0,0
-0.4,146.6,2,8,2,6,0,0
-0.66,553.82,10,13,2,0,0,0
-1.16,151.87,0,9,4,3,0,0
3.09,362.83,6,5,18,4,1,1
3.65,662.67,9,6,0,3,0,0
-1.75,403.43,2,13,3,4,0,0
5.49,798.03,7,14,3,0,0,0
-1.58,491.34,3,9,16,3,0,0
2.33,324.81,3,14,13,0,1,0
3.67,254.08,4,7,17,4,1,1
4.97,345.36,5,10,0,1,1,0
3.71,360.77,6,14,15,6,1,1
4.41,148.1,3,12,2,3,0,1
0.72,358.7,7,9,20,0,0,0
4.52,424.97,5,15,8,5,1,1
-1.36,605.92,0,0,3,3,0,0
5.16,559.71,0,13,20,3,1,1
2.38,596.14,8,7,4,3,1,1
4.54,105.85,9,3,10,2,0,0
1.62,252.37,5,15,20,0,1,0
3.15,563.18,9,9,8,0,1,1
2.21,438.79,7,15,2,3,1,0
3.85,103.72,6,7,5,1,0,0
-1.35,663.15,5,12,10,3,0,0
-1.52,640.97,3,14,8,2,0,0
-0.02,483.89,6,5,14,4,0,0
-0.72,146.52,8,10,2,2,0,0
4.97,636.56,10,8,0,1,0,0
-0.25,508.6,9,10,19,3,0,0
5.81,647.37,9,15,18,0,0,1
0.7,626.22,6,3,13,6,0,0
-0.54,662.1,0,1,16,5,0,0
4.32,462.61,9,13,13,3,1,0
3.27,198.23,8,1,16,1,0,0
1.99,569.81,3,4,13,0,1,1
2.44,534.33,2,9,11,2,1,1
3.75,619.58,3,8,15,4,0,1
-0.17,218.92,3,11,0,4,0,0
5.97,236.48,9,2,12,6,1,1
5.8,723.29,10,15,5,3,0,1
3.2,624.98,1,7,16,2,0,1
-0.4,735.76,0,3,11,6,0,0
3.44,631.1,9,5,18,5,0,0
-1.42,518.01,0,9,5,5,0,0
-1.75,557.89,7,5,6,6,0,0
0.06,722.39,1,2,0,1,0,0
1.7,505.16,9,13,0,4,1,0
4.95,542.67,4,4,4,2,1,1
3.82,209.53,3,11,5,3,1,0
3.94,431.74,7,2,15,0,1,1
1.4,601.48,1,10,15,3,0,1
0.77,289.66,9,14,13,3,0,1
0.97,241.58,8,10,0,2,0,0
5.9,319.68,6,14,12,4,1,1
-1.68,269.05,6,0,19,2,0,0
4.94,250.44,0,15,9,0,1,1
2.63,397.4,1,6,9,6,1,1
1.51,735.49,3,3,8,2,0,0
3.8,454.94,3,13,12,1,1,1
1.89,231.54,10,6,2,3,1,0
4.99,153.88,2,2,17,4,0,1
5.21,587.31,6,11,19,5,1,1
1.37,367.96,7,14,1,0,0,0
0.21,675.28,1,14,16,5,0,0
2.74,561.66,3,10,18,3,1,1
5.3,657.37,2,4,12,2,0,1
-0.31,290.36,1,4,12,5,0,1
2.98,584.65,5,14,0,1,1,1
3.05,284.84,3,12,1,2,1,0
3.86,757.35,5,1,0,3,0,0
-0.95,545.46,1,10,4,5,0,0
3.73,327.16,3,9,2,6,1,0
5.27,288.66,10,11,6,0,1,1
-0.56,233.65,5,1,12,5,0,0
-0.1,586.25,4,3,17,6,0,1
5.77,253.1,2,14,20,6,1,1
-0.55,516.71,7,3,6,5,0,0
4.84,285.24,6,3,0,4,1,1
1.94,563.38,2,5,4,5,1,1
-0.02,670.46,5,1,16,3,0,0
4.97,644.62,3,5,7,6,0,1
1.56,632.6,10,6,14,0,0,0
2.12,231.41,4,10,19,3,1,1
0.87,161.87,10,9,3,1,0,0
2.74,589.26,4,2,1,2,1,0
-0.69,357.84,6,10,4,5,0,0
1.13,402.64,10,11,0,4,0,0
5.76,121.8,4,7,4,0,0,0
0.07,281.7,10,1,5,4,0,0
3.25,123.57,2,10,1,4,0,1
0.6,715.43,9,7,0,4,0,0
4.19,270.38,4,12,3,5,1,1
-0.95,490.14,6,10,6,0,0,0
5.76,127.29,4,4,0,0,0,0
1.63,566.79,4,1,0,6,1,0
-0.11,326.12,8,6,7,4,0,0
-1.41,728.54,2,13,19,6,0,0
-0.64,721.68,5,1,15,6,0,0
2.16,327.7,0,13,20,2,1,1
0.7,730.67,9,5,12,5,0,1
4.63,797.31,4,9,17,5,0,1
1.45,677.79,7,2,19,3,0,1
-0.01,691.41,4,8,9,6,0,0
2.94,274.31,8,2,11,5,1,0
3.65,503.69,10,10,0,4,1,1
-0.66,147.08,5,14,9,1,0,0
-0.66,166.44,7,11,8,4,0,0
-1.71,799.22,9,11,2,0,0,0
3.89,328.65,7,2,18,5,1,0
3.31,623.73,2,4,8,5,0,0
1.8,664.67,6,6,9,3,0,0
4.75,700.62,6,13,18,6,0,1
4.45,798.34,9,7,15,1,0,1
2.68,269.05,5,11,17,5,1,1
4.95,128.25,6,10,13,3,0,0
-0.35,387.83,1,6,2,3,0,0
-1.1,191.06,8,8,1,1,0,0
0.16,115.7,9,4,0,4,0,0
-1.54,352.3,9,9,17,4,0,0
2.25,648.62,0,10,8,4,0,0
5.49,496.33,0,14,12,2,1,1
-1.69,318.94,2,2,1,6,0,0
-1.02,558.04,2,15,6,6,0,0
1.62,262.41,0,5,15,4,1,1
5.47,110.07,6,4,20,1,0,1
0.53,635.05,3,11,18,2,0,0
2.06,536.62,9,3,14,6,1,1
-1.67,633.61,1,11,10,4,0,0
-0.81,127.26,9,15,0,2,0,0
5.89,685.98,4,1,20,1,0,0
5.72,533.67,5,6,6,4,1,1
-1.96,494.38,8,12,19,0,0,0
5.61,537.23,3,4,7,5,1,1
3.11,705.1,1,3,9,1,0,0
4.94,510.86,4,11,4,3,1,1
1.64,506.67,2,13,8,3,1,1
2.12,793.48,1,7,0,1,0,1
1.91,629.71,0,8,1,3,0,0
3.33,409.61,9,8,18,6,1,1
-0.88,595.18,1,2,13,1,0,0
-1.76,372.46,5,2,19,0,0,0
0.46,260.21,7,4,9,1,0,0
3.64,517.8,2,4,8,4,1,1
-0.39,749.73,10,9,9,4,0,0
3.39,750.4,8,1,5,2,0,1
5.76,339.33,8,0,16,3,1,1
-1.25,469.37,1,7,5,5,0,0
3.38,248.15,7,2,3,3,1,1
1.55,796.94,9,0,19,6,0,1
4.95,786.78,10,15,2,1,0,0
-0.58,554.66,4,0,18,5,0,0
3.54,663.09,3,10,17,5,0,1
4.7,600.57,9,14,3,3,0,1
5.56,515.21,4,1,7,5,1,1
3.47,137.34,3,5,16,5,0,1
1.98,418.34,7,5,4,4,1,1
2.94,572.35,3,13,12,0,1,1
4.95,574.27,9,2,0,1,1,1
2.56,361.19,5,11,12,3,1,1
-1.76,759.18,1,3,3,4,0,0
5.45,217.15,4,11,13,6,1,1
3.52,450.25,5,12,2,6,1,1
3.41,583.62,4,1,4,2,1,1
-0.27,588,1,1,6,5,0,0
3.27,554.05,6,14,0,5,1,0
1.15,292.7,3,6,11,3,0,0
3.21,209.34,7,12,10,0,1,0
-1.15,545.16,6,0,7,0,0,0
3.26,519.51,6,15,5,3,1,1
6,225.55,8,6,1,3,1,1
-1.61,593.6,0,13,18,4,0,0
5.82,418.62,9,11,19,6,1,1
1.26,567.43,5,13,19,3,0,0
4.97,686.16,5,11,13,6,0,1
4.26,218.81,5,13,0,2,1,1
2.54,113.4,5,0,9,6,0,0
3.91,645.37,9,15,15,4,0,0
5.03,526.79,6,13,3,5,1,1
1.23,589.75,9,5,10,5,0,0
0.62,686.71,5,2,15,6,0,0
3.34,661.97,0,7,19,5,0,1
4.46,772.64,2,5,0,5,0,1
4.1,475.15,1,10,15,1,1,1
4.38,441.95,5,1,18,2,1,0
1.48,381.32,7,7,20,4,0,0
4.54,207.58,2,4,8,4,1,0
-1.04,500.83,9,7,8,5,0,0
2.36,293.91,7,7,8,0,1,1
-1.95,744.92,7,5,16,4,0,0
0.6,508.23,4,1,11,2,0,0
0.93,514.99,7,7,12,3,0,0
1.17,348.45,5,14,7,2,0,0
3.56,136.39,4,14,15,5,0,1
1.11,122.22,8,10,17,5,0,0
1.59,396.33,6,5,0,1,1,0
-0.1,159.2,7,5,0,6,0,0
0.99,524.79,0,7,11,4,0,1
-0.18,716.68,10,0,5,6,0,0
-1.41,718.04,1,1,8,6,0,0
2.83,561.33,7,11,4,4,1,0
3.35,247.86,8,11,15,4,1,1
2.96,704.1,3,8,17,5,0,0
1.71,720.27,9,10,16,4,0,0
1.04,237.66,10,11,17,0,0,0
4.91,616.2,9,7,0,0,0,0
2.15,300.56,8,11,18,3,1,1
1.83,661.85,3,6,7,4,0,0
-1.79,798.07,9,6,2,1,0,0
0.73,121.02,9,4,4,3,0,0
1.04,728.16,9,1,7,5,0,0
1.19,535.84,8,10,18,4,0,0
2.64,781.37,10,5,17,0,0,0
2.27,425.51,6,9,17,1,1,1
2.86,693.17,1,2,20,3,0,1
4.12,143.68,8,3,0,1,0,0
4.5,334.7,3,12,14,4,1,1
3.74,146.91,7,9,17,2,0,0
5.64,782.74,6,11,6,1,0,0
-1.85,671.88,6,10,15,1,0,0
-0.43,696.78,7,1,15,5,0,0
-1.94,756.58,0,13,14,0,0,0
3.18,159.57,4,1,5,4,0,0
5.18,369.92,1,11,8,1,1,0
-0.05,149.72,1,7,6,4,0,0
5.42,247.56,0,7,13,0,1,1
-1.52,260.56,4,9,10,5,0,0
5.48,428.38,1,5,20,4,1,1
0.81,287.99,3,12,15,6,0,0
-1.19,170.68,2,4,5,0,0,0
1.89,217.24,2,7,15,0,1,1
0.05,203.09,1,3,19,3,0,0
0.28,781.15,5,10,15,5,0,0
0.46,631.5,1,3,11,5,0,0
4.42,777.43,7,4,16,6,0,1
2.31,407.82,7,0,4,4,1,0
0.49,294.86,4,0,12,2,0,0
2.88,658.81,9,1,7,6,0,1
3.73,328.38,6,13,4,3,1,1
0.18,309.57,3,7,11,5,0,0
1.31,262.75,0,6,8,0,0,0
-1.02,190.78,10,14,2,5,0,0
-0.55,279.52,1,14,2,6,0,0
3.45,348.72,9,9,0,2,1,0
-0.55,571.8,9,8,17,1,0,0
2.2,143.8,3,4,11,1,0,0
3.67,247.35,0,1,8,5,1,1
-1.14,666.32,7,6,8,5,0,0
2.54,202.85,8,14,17,3,1,1
0.05,339.85,3,7,17,5,0,0
5.7,705.26,9,11,6,2,0,1
1.87,208.45,2,6,3,5,1,1
4.45,157.92,1,13,12,4,0,1
2.4,439.18,4,6,16,6,1,1
-1.65,311.69,2,11,1,2,0,0
3.07,494.39,9,14,13,3,1,0
5.61,662.66,6,13,2,4,0,1
2.81,196,10,4,4,4,0,0
4.55,506.49,5,1,13,6,1,1
5.07,453.86,0,5,2,1,1,0
-0.18,200.86,7,3,6,2,0,0
-0.3,536.8,1,9,17,6,0,1
2.89,291.55,4,1,12,4,1,0
1.29,441.48,8,11,9,3,0,0
4.72,157.59,7,15,12,6,0,1
5.2,421.71,1,8,15,1,1,1
0.83,314.52,8,6,8,4,0,0
-0.11,675.67,4,5,1,6,0,0
4.24,139.89,9,11,4,2,0,0
0.2,393.03,5,4,16,1,0,0
4.58,420.9,2,2,3,2,1,1
1.39,607.5,2,11,16,2,0,1
3.34,502,9,14,8,2,1,1
-1.24,567.05,7,14,19,6,0,0
2.99,643.93,10,9,1,1,0,0
1.61,703.54,9,9,17,6,0,1
2.69,319.71,9,3,20,6,1,1
-0.66,476.62,1,2,10,6,0,0
3.89,688.08,10,15,12,4,0,1
4.9,792.62,1,11,7,5,0,1
-0.27,722.66,4,10,0,0,0,0
-1.23,360.03,5,7,16,4,0,0
-1.81,236.62,1,2,11,1,0,0
3.14,442.57,4,6,3,0,1,1
2.86,619.15,6,6,20,0,0,1
2.37,444.8,9,6,12,0,1,0
-0.14,438.23,9,12,8,5,0,0
1.13,686.76,7,6,6,6,0,1
2.76,352.98,6,13,4,3,1,0
1.97,701.86,7,1,4,1,0,0
5.9,384.76,8,9,16,5,1,1
-0.91,329.76,4,2,8,5,0,0
3.56,417.79,4,9,5,3,1,1
1.23,633.71,10,8,18,0,0,0
1.43,188.2,9,15,15,6,0,0
3.74,237.49,3,2,20,3,1,1
3.54,766.01,8,1,1,3,0,1
5.93,222.84,4,8,9,5,1,1
-0.97,497.41,1,15,15,1,0,0
-1.17,505.52,9,12,4,2,0,0
3.79,442.74,7,9,14,6,1,1
2.63,551.32,6,8,12,3,1,1
0.19,260.88,7,3,12,6,0,0
-1.36,486.86,2,13,12,3,0,0
-1.31,360.52,3,11,14,0,0,0
5.15,563.17,4,8,13,6,1,1
-0.47,198.86,5,2,7,0,0,0
0.59,499.61,0,6,10,5,0,0
-0.19,229.69,3,6,17,0,0,0
0.84,295.05,10,14,3,6,0,0
-1.44,253.1,9,15,9,4,0,0
2.15,227.99,4,10,0,6,1,0
-1.46,678,6,7,4,3,0,0
4.4,300,4,9,12,0,1,0
-0.13,748.99,0,14,0,1,0,1
2.32,778.95,10,3,7,4,0,0
5.04,499.88,6,2,2,5,1,1
3.21,200.1,7,2,2,2,1,0
2.26,362.18,6,14,6,3,1,1
0.59,658.41,10,11,3,3,0,0
0.66,357.17,3,4,2,1,0,0
3.36,160.91,7,10,14,2,0,0
5.95,489.75,4,14,7,2,1,1
3.29,691.58,9,13,2,5,0,1
2.46,657.15,8,0,6,5,0,0
3.85,222.59,9,15,17,4,1,0
1.72,570.94,4,9,10,3,1,0
-1.52,254.35,0,2,10,0,0,0
2.5,252.75,8,13,16,5,1,0
5.66,711.85,4,5,5,1,0,1
-0.6,274.77,5,2,7,1,0,0
3.52,284.27,3,4,0,1,1,0
-0.39,100.46,5,8,9,6,0,0
2.29,709.47,7,1,18,5,0,1
-1.23,654.82,2,10,2,5,0,1
1.6,539.13,4,15,3,1,1,0
4.05,625.19,1,1,10,5,0,1
0.78,206.43,1,11,14,6,0,0
3.32,420.83,6,5,0,0,1,0
4.36,345.85,9,5,8,0,1,1
5.42,165.64,9,10,10,4,0,0
-0.12,440.29,10,10,18,3,0,0
1.19,744.52,9,7,12,0,0,1
-0.78,128.04,5,11,15,4,0,0
5.94,304.02,3,12,3,2,1,1
5.42,245.28,4,10,0,3,1,1
2.32,266.7,0,13,19,0,1,0
4.74,735.9,6,1,12,6,0,0
2.17,427.65,7,8,0,2,1,0
2.99,426.41,8,14,4,4,1,1
-1.29,632.4,7,1,4,0,0,0
4.04,208.14,4,12,13,0,1,1
-0.98,441.09,2,0,13,5,0,0
4.61,400.99,9,9,7,2,1,1
4.26,517.84,10,1,3,0,1,0
3.67,799.69,8,11,6,1,0,0
-1.71,638.61,5,6,19,6,0,0
0.43,378.51,4,7,18,5,0,1
0.1,679.29,2,4,14,5,0,1
0.88,219.5,5,5,3,0,0,0
-1.3,121.32,2,11,18,6,0,0
5.5,243.11,9,0,8,5,1,1
2.43,338.29,5,14,20,3,1,1
0.44,457.41,3,5,12,2,0,0
1.18,530.59,1,11,13,3,0,0
1.58,737.42,7,14,13,4,0,0
2.8,456.9,3,7,9,3,1,1
2.13,450.89,8,12,15,6,1,0
5.36,135.17,6,2,4,1,0,1
1.98,124.44,1,15,5,5,0,0
5.94,485.81,3,10,1,6,1,1
4.81,406.73,4,0,12,5,1,1
-0.33,687.43,2,10,12,1,0,0
5.44,212.48,8,3,18,5,1,1
-1.07,117.48,4,0,17,3,0,0
4.54,414.33,1,13,18,4,1,1
1.04,266.23,10,7,0,0,0,0
5.02,134.73,2,15,7,1,0,0
4.94,607.22,8,4,15,3,0,1
4.45,178.12,6,0,1,6,0,0
4.32,525.82,1,13,7,3,1,1
0.44,296.73,8,7,5,3,0,0
-1.35,221.45,3,8,15,0,0,0
1.22,365.83,8,9,10,2,0,0
-0.61,661.01,1,1,16,5,0,1
3.56,374.47,9,8,18,5,1,1
0.77,625.54,3,7,10,6,0,1
5.8,187.84,4,6,7,4,0,0
3.13,640.94,1,2,3,6,0,0
4.58,265.85,9,1,10,2,1,1
-0.94,574.18,0,6,7,5,0,0
4.9,496.05,6,14,8,4,1,1
5.38,750.4,9,4,1,6,0,0
1.9,371.13,0,5,15,4,1,0
2.85,146.32,10,3,5,3,0,0
4.12,113.41,10,1,20,1,0,0
-0.6,678.8,7,8,20,3,0,0
2.02,467.31,2,2,18,0,1,1
1.19,642.67,9,11,7,5,0,0
-0.83,264.1,5,13,13,4,0,0
0.94,341.56,6,6,15,6,0,0
-1.45,121.07,9,13,11,1,0,0
-1.79,773.04,0,7,4,6,0,0
-0.92,567.51,5,1,18,5,0,0
5.7,753.24,6,13,17,4,0,1
2.4,285.85,5,5,8,4,1,1
5.73,528.02,3,10,1,3,1,0
1.46,574.95,0,15,19,1,0,1
0.49,322.28,10,7,11,1,0,0
2.05,693.68,8,6,1,5,0,0
1.52,763.01,3,10,9,4,0,0
-1.15,719.4,6,2,0,1,0,0
3.13,617.35,6,0,3,1,0,0
-0.27,294.23,1,13,11,6,0,0
2.96,297.13,0,5,8,5,1,1
3.2,774.35,7,7,3,3,0,0
-0.78,107.2,7,5,8,6,0,0
-1.51,601.23,6,4,5,6,0,0
4.25,594.37,7,10,0,2,1,1
1.68,535.88,2,11,9,0,1,0
-1.53,793.08,10,7,13,2,0,0
5.96,318.32,1,1,17,1,1,1
-1.54,337.98,6,15,5,4,0,0
3.56,155.26,7,14,17,0,0,0
5.87,409.96,0,11,19,0,1,1
-0.09,282.73,9,14,15,4,0,0
-0.86,340.37,8,0,14,0,0,0
-1.03,684.2,10,0,15,4,0,0
0.43,754.84,3,14,7,0,0,0
-1.19,230.01,3,13,12,6,0,0
3.54,360.76,2,3,10,5,1,1
-1.5,750.04,5,5,6,5,0,0
2.08,143.27,0,15,16,2,0,1
5.97,164.65,5,12,17,6,0,1
4.51,213.95,1,8,18,0,1,0
2.92,516.65,8,0,12,3,1,1
0.45,205.33,1,11,14,4,0,0
2.99,777.65,6,0,0,6,0,1
2.22,412.7,0,12,15,0,1,1
1.41,451.06,6,12,4,5,0,0
-0.95,272.66,4,4,2,5,0,0
5.09,429.67,7,9,9,4,1,1
1.6,563.34,3,4,18,3,1,1
-0.44,625.82,9,4,4,0,0,0
0.94,627.71,6,9,6,0,0,0
1.31,504.52,5,5,13,3,0,0
4.62,733.05,4,7,2,3,0,0
3.87,672.19,3,2,12,3,0,0
4.15,629.93,6,8,12,5,0,1
-1.91,138.92,4,12,9,4,0,0
1.33,104.81,4,0,1,6,0,0
1.85,248.71,0,3,5,3,1,1
-1.85,564.47,1,8,7,4,0,0
0.08,387.84,4,14,3,2,0,0
4.08,381.68,2,13,11,0,1,1
-0.9,719.21,1,7,14,0,0,0
2.28,726.89,3,9,7,1,0,0
-0.28,736.42,3,8,6,2,0,0
-1.9,319.71,3,0,13,6,0,0
-0.07,583.74,3,8,18,3,0,0
5.81,290.14,2,2,13,3,1,1
4.41,233.43,6,10,12,6,1,1
5.68,229.24,8,11,20,5,1,1
1.9,339.48,4,9,0,2,1,1
-1.12,400.97,3,8,18,3,0,0
2.38,681.66,10,0,0,1,0,0
1.64,183.92,1,0,3,4,0,0
4.75,614.45,1,8,9,0,0,0
-1.22,472.02,4,10,2,2,0,0
1.91,301.56,6,13,19,0,1,0
-0.8,444.97,9,5,8,4,0,0
0.6,309.96,9,3,2,2,0,0
3.9,517.26,8,6,5,4,1,1
1.81,403.69,6,4,5,3,1,1
1.01,215.08,4,9,11,6,0,0
1.16,181.61,9,13,0,3,0,0
1.68,482.69,9,6,15,6,1,1
4.28,731.69,9,7,4,3,0,0
5.14,340.77,5,7,8,4,1,1
5.64,613.1,10,0,9,4,0,0
4.3,561.06,2,7,12,4,1,1
0.52,752.09,4,5,14,0,0,0
3.51,674.69,7,3,11,4,0,1
1.5,496.62,0,12,4,3,0,0
0.04,559.92,0,13,4,1,0,1
4.73,728.87,6,11,17,4,0,1
-1.69,379.66,4,7,11,1,0,0
5.21,328.76,4,2,2,6,1,1
1.69,107.57,0,12,6,3,0,0
3.1,678.59,8,3,16,4,0,0
3.27,660.69,0,14,18,0,0,0
5.16,173.12,4,5,17,0,0,0
3.09,503.8,9,10,0,6,1,1
2.91,424.79,8,6,4,1,1,1
-1.47,183.1,3,3,1,5,0,0
2.15,786.4,7,3,0,0,0,0
-0.8,250.29,5,15,6,0,0,0
3.9,147.06,10,6,10,0,0,1
2.1,516.39,2,5,10,3,1,1
3.44,617.21,3,12,17,0,0,1
-1.67,122.71,1,10,16,2,0,0
-1.32,561.1,0,7,1,4,0,0
3.73,472.6,7,0,6,6,1,1
-1.42,172.29,0,9,6,0,0,0
-1.43,220.77,10,12,9,5,0,0
-1.9,497.58,0,15,20,5,0,0
5.65,307.45,3,10,2,0,1,1
3.9,756.82,9,6,11,0,0,0
0.83,673.12,9,11,2,2,0,0
0.37,788.5,5,6,10,0,0,0
0.8,281.77,8,15,11,0,0,0
4.2,778.81,0,10,3,4,0,1
3.29,401.86,6,6,15,5,1,1
-0.52,343.26,9,6,19,2,0,0
-0.61,135.24,10,9,17,5,0,0
-1.21,136.94,4,13,3,2,0,0
3.28,584.41,7,15,5,5,1,1
4.11,420.55,6,9,20,0,1,1
0.12,258.57,3,7,14,5,0,0
-1.83,529.78,3,8,0,5,0,0
-1.34,277,5,8,2,2,0,0
5.74,504.34,5,1,4,6,1,1
0.36,351.45,8,12,16,1,0,0
4.15,676.49,4,12,13,2,0,1
3,674.49,7,6,8,2,0,1
1.06,434.15,4,6,2,2,0,0
-0.35,345.57,1,3,12,3,0,0
-1.03,353.79,5,8,2,6,0,0
2.92,664,8,7,10,3,0,0
4.2,329.73,2,11,1,3,1,1
3.15,246.34,0,0,14,2,1,1
2.24,159.28,0,1,12,1,0,1
-1.66,426.69,2,12,18,2,0,0
5.75,437.49,9,14,15,0,1,0
4.39,688.64,4,12,17,1,0,0
0.34,254.87,2,1,6,3,0,0
5.84,366.69,8,11,12,5,1,0
2.82,665.88,7,11,3,5,0,0
2.66,676.54,2,10,8,6,0,1
3.98,369.23,8,14,9,4,1,1
4.49,421.39,5,14,8,6,1,1
3.25,312.3,6,7,6,1,1,1
-0.98,752.79,3,14,14,3,0,0
0.71,183.05,3,0,7,1,0,0
5.42,753.62,1,3,18,1,0,1
-0.2,578.71,4,9,10,5,0,1
0.98,472.1,7,11,4,2,0,0
1.46,122.86,6,4,1,0,0,0
1.52,432.92,6,8,9,4,1,0
2.9,385.42,5,6,15,3,1,1
5.54,212.85,2,7,12,1,1,1
-0.07,559.49,4,15,7,4,0,0
-1.03,779.81,0,15,8,1,0,0
-0.42,493.53,6,13,10,5,0,0
5.1,600.33,8,10,10,0,0,0
3.17,147.92,0,8,15,5,0,0
0.29,392.37,1,12,9,4,0,0
4.53,181.45,2,6,11,3,0,0
4.89,528.96,2,4,5,1,1,1
4.77,756.94,7,12,11,0,0,1
5.35,563.24,6,14,9,5,1,1
0.02,153.76,5,4,17,4,0,0
4.04,348.27,9,15,17,5,1,0
1.68,485.46,9,9,3,1,1,1
4.74,382.25,10,10,8,1,1,1
3.83,683.55,3,5,6,3,0,0
4.21,670.27,8,4,17,0,0,1
3.25,528.28,0,12,7,2,1,1
-0.58,361.42,10,11,10,5,0,0
2.36,278.74,1,10,6,1,1,0
5.88,174.11,3,8,8,4,0,0
5.5,348.43,2,2,7,5,1,1
-1.65,389.22,0,2,2,3,0,0
-0.68,573.08,4,14,16,3,0,1
-0.95,560.71,6,6,1,1,0,0
3.81,149.08,1,6,14,1,0,0
4.54,376.68,4,5,13,1,1,1
-0.29,227.25,5,15,17,6,0,0
2.05,209.77,10,2,15,2,1,1
4.73,679.11,6,13,19,1,0,1
3.86,129.34,0,12,3,5,0,0
2.34,393.43,6,6,19,5,1,1
2.72,217.74,3,4,5,6,1,0
2.07,715.53,7,6,5,6,0,0
0.38,489.93,3,1,10,0,0,0
2.52,261.97,5,5,16,4,1,0
3.51,451.7,8,13,2,1,1,1
4.99,612.04,4,7,12,5,0,1
3.09,770.68,3,0,2,6,0,1
4.09,254.31,7,3,15,5,1,1
-0.72,720.33,8,10,14,5,0,1
1.69,754.01,3,0,10,6,0,1
-1.93,741.49,2,13,17,2,0,1
-0.03,544.79,7,0,14,6,0,0
3.81,540.87,4,9,4,6,1,1
5.93,382.25,1,11,15,4,1,1
-1.21,626.68,9,15,15,6,0,0
1.21,471.91,8,13,16,3,0,1
4.4,574.21,2,13,8,6,1,1
-0.37,399.92,1,10,2,5,0,0
2.44,612.05,0,15,19,1,0,1
3.86,677.13,7,7,12,5,0,0
2.93,202.51,10,6,2,4,1,0
-0.5,683.05,2,11,6,3,0,0
0.84,478.21,6,9,5,6,0,0
4.27,691.27,0,12,8,2,0,1
2.43,401.91,0,0,11,0,1,0
-1.96,365.33,8,15,14,6,0,0
4.09,740.54,7,10,20,1,0,1
-1.72,275.82,2,13,19,0,0,0
3.97,690.95,5,12,2,2,0,0
-0.38,438.81,10,1,9,4,0,0
5.66,459.87,2,3,0,4,1,1
0.94,315.93,3,15,18,2,0,0
0.62,501.13,0,0,18,5,0,0
-0.81,327.65,4,15,12,2,0,0
0.44,127.49,0,2,11,6,0,0
5.01,290.4,0,7,0,1,1,1
5.97,104.47,9,7,18,3,0,1
0.95,784.85,10,7,15,6,0,1
1.59,776.02,10,5,14,6,0,0
3.78,376.61,6,5,15,6,1,1
5.09,609.86,5,4,10,0,0,0
2.74,342.06,1,12,5,0,1,1
1.13,569.77,10,8,10,4,0,0
1.3,663.8,1,3,2,6,0,1
3.56,762.73,10,9,14,5,0,1
-1.97,380.15,6,14,0,4,0,0
2.96,648.31,0,11,6,1,0,0
0.84,286.15,1,11,0,2,0,0
4.35,793.23,7,11,16,0,0,0
-1.26,118.04,5,6,8,6,0,0
2.71,522.47,1,0,12,1,1,0
1.85,561.65,6,14,10,4,1,1
3.14,581.63,3,8,19,4,1,1
-1.48,184.27,1,6,5,0,0,0
2.64,756.97,5,9,0,4,0,0
2.49,226.83,10,15,6,5,1,1
2.49,535.93,8,11,11,4,1,1
2.83,255.87,10,15,19,3,1,1
3.41,315.05,8,8,18,2,1,0
4.44,482.52,7,6,16,4,1,1
0.16,392.04,2,1,3,3,0,0
4.6,212.16,2,14,2,1,1,1
1.99,219.66,1,15,0,4,1,1
-1.38,392.7,4,5,17,5,0,0
-1.53,630.1,3,9,20,1,0,0
0.67,728.58,6,11,14,6,0,0
4.28,158.89,3,10,7,4,0,0
3.66,375.17,8,3,0,0,1,0
4.31,170.17,1,2,19,3,0,1
2.14,111.61,10,1,13,3,0,0
1.52,563.2,5,5,3,0,1,1
-0.82,521.71,6,7,4,2,0,0
0.63,214.11,3,5,12,6,0,0
1.47,263.67,5,8,14,5,0,0
-1.29,116.6,6,13,5,3,0,0
-0.24,684.46,3,4,0,1,0,0
2.79,782.28,7,1,18,5,0,1
3.89,194.82,8,15,12,3,0,1
5.99,262.03,0,7,5,6,1,1
5.46,707.89,6,8,14,2,0,1
3.14,748.52,8,15,15,6,0,1
1.37,393.74,9,13,15,1,0,0
3.09,135.44,4,9,9,6,0,0
4.29,127.57,1,3,8,5,0,1
-1.05,501.76,9,5,8,1,0,0
1.28,375.03,5,14,16,0,0,0
4.72,120.06,6,10,16,4,0,0
1.07,508.28,1,9,16,0,0,0
2.57,107.91,1,7,11,5,0,0
2.7,651.16,9,8,12,4,0,1
-0.52,314.5,9,11,11,0,0,0
0.9,128.18,0,4,13,4,0,0
0.68,511.85,3,11,9,3,0,0
-1.79,378.38,6,5,18,6,0,0
-1.81,781.66,8,10,1,1,0,0
4.65,480.94,2,3,3,4,1,1
0.18,292.67,10,4,18,3,0,0
2.14,596.61,6,6,6,6,1,1
0.39,290.04,6,8,14,6,0,0
5.53,732.97,6,9,14,2,0,0
0.07,362.31,1,10,5,0,0,0
1.44,484.91,5,12,2,2,0,0
4.98,135.4,1,15,5,5,0,0
4.74,398.28,5,5,15,3,1,1
-0.51,682.65,9,13,1,2,0,0
4.42,663.95,2,5,6,2,0,0
1.67,257.02,1,15,10,6,1,1
1.86,258.26,5,7,6,3,1,1
-0.93,672.11,1,10,3,6,0,0
-1.36,751.28,4,3,19,1,0,0
3.82,166.75,1,2,6,4,0,0
1.97,415.04,2,13,3,5,1,0
1.49,336.22,2,6,11,5,0,0
3.84,709.48,5,4,4,0,0,0
4.12,158.47,5,1,18,6,0,0
-0.73,247.79,9,1,4,4,0,0
2.88,626.73,2,10,18,0,0,0
-0.92,135.91,2,5,20,5,0,0
4.01,444.77,0,7,2,4,1,1
3.26,409.47,6,0,10,2,1,1
5.65,334.08,7,14,6,1,1,1
-1.45,376.2,1,10,16,2,0,0
-1.54,470.96,3,5,8,1,0,0
0.26,212.96,9,11,20,6,0,0
